Workbook

Sheet factor F
A1: วิธีคำนวณเทียบอัตราส่วนเพื่อหาค่า FACTOR F
A4: กรณีค่างานอยู่ระหว่างช่วงของค่างานต้นทุนที่กำหนดในตาราง Factor F ให้เทียบอัตราส่วน เพื่อหา Factor F ดังนี้
A5: สูตร | B5: ต้องการหาค่า Factor F ของค่างานต้นทุน | K5: = | O5: A | R5: บาท
A6: สูตร | B6: ค่า Factor F | C6: = | D6: D- | F6: ( | G6: D | H6: - | I6: E | J6: ) | L6: ( | M6: A | N6: - | O6: B | P6: )
H7: ( | I7: C | K7: - | M7: B | N7: )
A9: ค่างานต้นทุน | B9: ค่าวัสดุและค่าแรงงาน | K9: = | N9: ='1.ปร.4'!F18 | R9: บาท
B12: รวมเป็นเงินประมาณ | K12: = | N12: =N9 | R12: บาท
A14: เงื่อนไข | B14: เงินล่วงหน้าจ่าย | E14: 0 | I14: ดอกเบี้ยเงินกู้ | O14: 0.07 | P14: ต่อปี
B15: เงินประกันผลงานหัก | E15: 0 | I15: ภาษีมูลค่าเพิ่ม | O15: 0.07
A17: เมื่อ | B17: ต้องการหาค่า Factor F ของค่างานต้นทุน | H17: = | I17: A | L17: = | N17: =N9 | R17: บาท
B18: ค่างานต้นทุนตัวต่ำกว่าค่างานต้นทุน A | H18: = | I18: B | L18: = | N18: 2000000 | R18: บาท
B19: ค่างานต้นทุนตัวสูงกว่าค่างานต้นทุน A | H19: = | I19: C | L19: = | N19: 5000000 | R19: บาท
B20: ค่า Factor F ของค่างานต้นทุน B | H20: = | I20: D | L20: = | N20: 1.3051
B21: ค่า Factor F ของค่างานต้นทุน C | H21: = | I21: E | L21: = | N21: 1.302
A23: แทนค่าสูตร | B23: ค่า Factor F | C23: = | D23: =N20&"-" | F23: ="("&N20&"-"&N21&")" | J23: x | K23: ="("&TEXT(N17,"#,##0.00")&"-"&TEXT(N18,"#,##0.00")&")"
H24: ="("&TEXT(N19,"#,##0.00")&"-"&TEXT(N18,"#,##0.00")&")"
B26: ค่าFactor F | C26: = | D26: =D23 | E26: =(((N20-N21)*(N17-N18))/(N19-N18)) | N26: =FLOOR(V26,0.0001) | V26: =N20-E26
Q27: =N26

Sheet 1.ปร.4
A1: รายการประมาณการ | G1: แบบ ปร.4
A2: สถานที่ก่อสร้าง
A3: แบบเลขที่ | E3: รายการเลขที่
A4: กอง | B4: - | E4: กรม
A5: ประมาณการโดย | E5: ประมาณการ เมื่อ
A7: ลำดับ | B7: รายการ | D7: ค่าวัสดุ | E7: ค่าแรง | F7: รวมราคาวัสดุ | G7: หมายเหตุ
A8: ที่ | D8: จำนวนเงิน | E8: จำนวนเงิน | F8: และค่าแรงงาน
B10: หมวดงาน
A11: 1 | B11: ='ปร4.อาคาร'!B7 | D11: ='ปร4.อาคาร'!F19 | E11: ='ปร4.อาคาร'!H19 | F11: =E11+D11
A12: 2 | B12: ='ปร4.อาคาร'!B20 | D12: ='ปร4.อาคาร'!F31 | E12: ='ปร4.อาคาร'!H31 | F12: =E12+D12
A13: 3 | B13: ='ปร4.อาคาร'!B32 | D13: ='ปร4.อาคาร'!F96 | E13: ='ปร4.อาคาร'!H96 | F13: =E13+D13
A14: 4 | B14: ='ปร4.อาคาร'!B121 | D14: ='ปร4.อาคาร'!F176 | E14: ='ปร4.อาคาร'!H176 | F14: =E14+D14
B18: รวมเป็นเงินทั้งสิ้น | D18: =SUM(D11:D16) | E18: =SUM(E11:E16) | F18: =SUM(F11:F16)

Sheet ปร4.อาคาร
I1: แบบ ปร.4
A2: รายการปริมาณงานและราคา
A3: งานก่อสร้าง
A4: สถานที่ก่อสร้าง | G4: จังหวัด
A5: เลขที่ | B5: รายการ | C5: จำนวน | D5: หน่วย | E5: ค่าวัสดุสิ่งของ | G5: ค่าแรงงาน | I5: รวมทั้งสิ้น
E6: ราคา/หน่วย | F6: จำนวนเงิน | G6: ราคา/หน่วย | H6: จำนวนเงิน
A7: 1 | B7: หมวดงานเตรียมพื้นที่และงานรื้อถอน
A8: 1.1 | B8: งานรื้อถอนพื้นที่โดยรอบ | F8: =C8*E8 | H8: =C8*G8 | I8: =F8+H8
B9: - งานรื้อถอนสถาปัตย์ผนังก่ออิฐบล็อกและผนังก่ออิฐบล็อกช่องลมบางส่วน | D9: ตร.ม. | F9: =C9*E9 | H9: =C9*G9 | I9: =F9+H9
B10: - งานรื้อถอนท่อน้ำดี - น้ำทิ้ง นอกอาคารที่ไม่ใช้งาน | D10: เหมา | F10: =C10*E10 | H10: =C10*G10 | I10: =F10+H10
B11: - งานรื้อถอนประตูบานไม้ทางขึ้นบันไดชั้น 2 | D11: ชุด | F11: =C11*E11 | H11: =C11*G11 | I11: =F11+H11
B12: - งานรื้อถอนประตูเหล็กทางขึ้นบันไดชั้น 2 | D12: ชุด | F12: =C12*E12 | H12: =C12*G12 | I12: =F12+H12
B13: - งานรื้อถอนผนังก่ออิฐมอญครึ่งแผ่นทางขึ้นบันไดชั้น 2 | D13: ตร.ม. | F13: =C13*E13 | H13: =C13*G13 | I13: =F13+H13
A14: 1.2 | B14: งานรื้อถอนพื้นที่ห้องน้ำ | F14: =C14*E14 | H14: =C14*G14 | I14: =F14+H14
B15: - งานรื้อถอนระบบสุขาภิบาลท่อขนาดต่างๆของห้องน้ำ | D15: ห้อง | F15: =C15*E15 | H15: =C15*G15 | I15: =F15+H15
A16: 1.3 | B16: งานรื้อถอนพื้นที่หลังคา | F16: =C16*E16 | H16: =C16*G16 | I16: =F16+H16
B17: - งานรื้อถอนโครงสร้างหลังคาบางส่วนที่ชำรุด | D17: ตร.ม. | F17: =C17*E17 | H17: =C17*G17 | I17: =F17+H17
F18: =C18*E18 | H18: =C18*G18 | I18: =F18+H18
A19: รวมราคาค่าแรงและค่าวัสดุ 1 | F19: =SUM(F8:F18) | H19: =SUM(H9:H18) | I19: =SUM(I9:I18)
A20: 2 | B20: หมวดงานโครงสร้างหลังคา
B21: - งานติดตั้งโครงหลังคาสำเร็จรูปใหม่ในส่วนที่ชำรุด | D21: ตร.ม. | F21: =C21*E21 | H21: =C21*G21 | I21: =F21+H21
B22: - งานติดตั้งอุปกรณ์แผ่นเพลทและเหล็กฉากยึดโครงหลังคาสำเร็จรูป | D22: เมตร | F22: =C22*E22 | H22: =C22*G22 | I22: =F22+H22
B23: - งานติดตั้งแปเหล็กชุบสังกะสีสำเร็จรูป | D23: ท่อน | F23: =C23*E23 | H23: =C23*G23 | I23: =F23+H23
B24: - หลังคามุงกระเบื้องลอนคู่ ขนาด 0.50x1.20 ม. หนา 5 มม. ตราช้างสีเลือกภายหลัง | D24: ตร.ม. | F24: =C24*E24 | H24: =C24*G24 | I24: =F24+H24
B25: - ตะปูเกลียวยึดแป | D25: กล่อง | F25: =C25*E25 | H25: =C25*G25 | I25: =F25+H25
B26: - เชิงชายสำเร็จรูป หน้า 8" | D26: เมตร | F26: =C26*E26 | H26: =C26*G26 | I26: =F26+H26
B27: - เชิงชายสำเร็จรูป ปิดลอนคู่ | D27: เมตร | F27: =C27*E27 | H27: =C27*G27 | I27: =F27+H27
B28: - ฟอร์ยกันความร้อน | D28: ตร.ม. | F28: =C28*E28 | H28: =C28*G28 | I28: =F28+H28
B29: - ค่าแรงติดตั้งอุปกรณ์ยึดโครงหลังคาและติดตั้งแปสำเร็จรูป | D29: ตร.ม. | F29: =C29*E29 | H29: =C29*G29 | I29: =F29+H29
F30: =C30*E30 | H30: =C30*G30 | I30: =F30+H30
A31: รวมราคาค่าแรงและค่าวัสดุ 2 | F31: =SUM(F21:F30) | H31: =SUM(H21:H30) | I31: =SUM(I21:I30)
A32: 3 | B32: หมวดงานสถาปัตยกรรม
A33: 3.1 | B33: งานพื้น | F33: =C33*E33 | H33: =C33*G33 | I33: =F33+H33
B34: - F1 - พื้น คสล. ปูกระบื้องเซรามิคขนาด 0.30 x 0.30 ม. | D34: ตร.ม. | F34: =C34*E34 | H34: =C34*G34 | I34: =F34+H34
B35: - F2 - พื้น คสล. ปูหินขัดพร้อมเส้นแบ่งแนว | D35: ตร.ม. | F35: =C35*E35 | H35: =C35*G35 | I35: =F35+H35
B36: - F3 - พื้น คสล. ผิวขัดมันเรียบ | D36: ตร.ม. | F36: =C36*E36 | H36: =C36*G36 | I36: =F36+H36
B37: - F4 - พื้น คสล. ปูบล็อกถนนหนา 6 ซม.สีซิเมนต์ | D37: ตร.ม. | F37: =C37*E37 | H37: =C37*G37 | I37: =F37+H37
B38: - F5 - พื้น คสล. ปูหินขัดที่ลูกตั้ง/ลูกนอน/ชานพักบันไดทั้ง 2 ชุด | D38: ตร.ม. | F38: =C38*E38 | H38: =C38*G38 | I38: =F38+H38
B39: - F6 - พื้น คสล. ปูกระบื้องพอร์ชเลนขนาด 0.60 x 0.60 ม. | D39: ตร.ม. | F39: =C39*E39 | H39: =C39*G39 | I39: =F39+H39
B40: - ขอบคัน ค.ส.ลทางเท้ายาว 1.00 ม. | D40: ท่อน | F40: =C40*E40 | H40: =C40*G40 | I40: =F40+H40
B41: - งานปูนกาวจระเข้และยาแนว | D41: ตร.ม. | F41: =C41*E41 | H41: =C41*G41 | I41: =F41+H41
A42: 3.2 | B42: งานผนัง | F42: =C42*E42 | H42: =C42*G42 | I42: =F42+H42
B43: - ผ1 ก่ออิฐบล็อกหนา 7 ซม.กั้นห้องเรียนชั้นต่างๆ | D43: ตร.ม. | F43: =C43*E43 | H43: =C43*G43 | I43: =F43+H43
B44: - ผ2 ผนังฉาบปูนเรียบทั้งภายนอกและภายใน | D44: ตร.ม. | F44: =C44*E44 | H44: =C44*G44 | I44: =F44+H44
B45: - ผ2.1 ฉาบปูนเรียบในส่วนโครงสร้างเสาและคาน | D45: ตร.ม. | F45: =C45*E45 | H45: =C45*G45 | I45: =F45+H45
B46: - ผ3 ผนังกรุกระเบื้องเซรามิคขนาด 8 "x 12" ห้องน้ำชั้นที่ 2 | D46: ตร.ม. | F46: =C46*E46 | H46: =C46*G46 | I46: =F46+H46
B47: - ผ4 ผนังสำเร็จรูปกั้นห้องน้ำชั้นที่ 2 รวมอุปกรณ์และบานประตู | D47: ชุด | F47: =C47*E47 | H47: =C47*G47 | I47: =F47+H47
B48: - ผ4 ติดตั้งวงกบและบานประตูสำเร็จรูปพร้อมอุปกรณ์ห้องน้ำชั้นที่ 2 | D48: ชุด | F48: =C48*E48 | H48: =C48*G48 | I48: =F48+H48
B49: - ผ5 ติดตั้งแผงกั้นที่ปัสสาวะชายสำเร็จรูปพร้อมอุปกรณ์ห้องน้ำชั้นที่ 2 | D49: ชุด | F49: =C49*E49 | H49: =C49*G49 | I49: =F49+H49
B50: - ผ6 ผนังก่ออิฐบล็อกกันฝนสาด | D50: ตร.ม. | F50: =C50*E50 | H50: =C50*G50 | I50: =F50+H50
B51: - ผ7 ผนังก่ออิฐบล็อกช่องลม | D51: ตร.ม. | F51: =C51*E51 | H51: =C51*G51 | I51: =F51+H51
B52: - ผ10 ผนังก่ออิฐบล็อกแก้ว ขนาด 190X190X100 มม | D52: ตร.ม. | F52: =C52*E52 | H52: =C52*G52 | I52: =F52+H52
B53: - ผ11 ผนังกั้นห้องโครงเคร่าเหล็กชุบสังกะสีกรุแผ่นเรียบหนา 8 มม.สองด้าน | D53: ตร.ม. | F53: =C53*E53 | H53: =C53*G53 | I53: =F53+H53
B54: - ผ12 ผนังกั้นห้องโครงเคร่าเหล็กชุบสังกะสีกรุไม้เทียมขนาด 4" หนา 8 มม. | D54: ตร.ม. | F54: =C54*E54 | H54: =C54*G54 | I54: =F54+H54
B55: - บัวเชิงผนังพีวีซีขนาด 4" หนา 8 มม. | D55: เมตร | F55: =C55*E55 | H55: =C55*G55 | I55: =F55+H55
F56: =C56*E56 | H56: =C56*G56 | I56: =F56+H56
A57: 3.3 | B57: งานประตู - หน้าต่าง | F57: =C57*E57 | H57: =C57*G57 | I57: =F57+H57
B58: - D0 - ประตูเหล็กม้วนพร้อมอุปกรณ์ขนาด 4.00 x 3.00 ม. | D58: ชุด | F58: =C58*E58 | H58: =C58*G58 | I58: =F58+H58
B59: - D1 - ประตูบานเปิดเดี่ยวพร้อมอุปกรณ์ขนาด 0.90 x 2.00 ม. | D59: ชุด | F59: =C59*E59 | H59: =C59*G59 | I59: =F59+H59
B60: - D2 - ประตูบานสวิงซ์คู่อลูมิเนียมพร้อมอุปกรณ์ขนาด1.80 x 2.00 ม.มีช่องแสง | D60: ชุด | F60: =C60*E60 | H60: =C60*G60 | I60: =F60+H60
B61: - D3 - ประตูบานเปิดเดี่ยวพร้อมอุปกรณ์ขนาด 0.90 x 2.00 ม. | D61: ชุด | F61: =C61*E61 | H61: =C61*G61 | I61: =F61+H61
B62: - D4 - ประตูบานเปิดเดี่ยวพร้อมอุปกรณ์ขนาด 0.70 x 2.00 ม. | D62: ชุด | F62: =C62*E62 | H62: =C62*G62 | I62: =F62+H62
B63: - D5 - ประตูห้องวางแท้งค์น้ำ | D63: ชุด | F63: =C63*E63 | H63: =C63*G63 | I63: =F63+H63
B64: - D6 - ประตูบานเปิดเดี่ยวพร้อมอุปกรณ์ขนาด 0.70 x 2.00 ม. | D64: ชุด | F64: =C64*E64 | H64: =C64*G64 | I64: =F64+H64
B65: - D7 - ประตูบานเปิดเดี่ยวพร้อมอุปกรณ์ขนาด 0.60 x 1.50 ม. | D65: ชุด | F65: =C65*E65 | H65: =C65*G65 | I65: =F65+H65
B66: - D8 - ประตูบานเปิดเดี่ยวพร้อมอุปกรณ์ขนาด 0.80 x 2.00 ม. | D66: ชุด | F66: =C66*E66 | H66: =C66*G66 | I66: =F66+H66
B67: - D9 - ประตูบานเปิดเดี่ยวพร้อมอุปกรณ์ขนาด 0.70 x 2.00 ม. | D67: ชุด | F67: =C67*E67 | H67: =C67*G67 | I67: =F67+H67
B68: - น1 - หน้าต่างบานเปิด6บานปรับมุมพร้อมอุปกรณ์ขนาด 3.30 x 1.15 ม. | D68: ชุด | F68: =C68*E68 | H68: =C68*G68 | I68: =F68+H68
B69: - น2 - หน้าต่างบานเปิด3บานปรับมุมพร้อมอุปกรณ์ขนาด 1.70 x 1.15 ม. | D69: ชุด | F69: =C69*E69 | H69: =C69*G69 | I69: =F69+H69
... B79: - บัวปูนปั้นสำเร็จรูปขนาด 4" x 16"แต่งบนหน้าต่าง AL1 | D79: เมตร | F79: =C79*E79 | H79: =C79*G79 | I79: =F79+H79
A80: 3.4 | B80: งานทาสี | F80: =C80*E80 | H80: =C80*G80 | I80: =F80+H80
B81: - งงานทาสีรองพื้นปูนใหม่ ภายในและภายนอกอาคาร | D81: ตร.ม. | F81: =C81*E81 | H81: =C81*G81 | I81: =F81+H81
B82: - งานทาสีอะครีลิค ภายในและภายนอกอาคาร มอก.2321-2564 | D82: ตร.ม. | F82: =C82*E82 | H82: =C82*G82 | I82: =F82+H82
B83: - งานทาสีฝ้าเพดาน | D83: ตร.ม. | F83: =C83*E83 | H83: =C83*G83 | I83: =F83+H83
A84: 3.5 | B84: งานฝ้าเพดาน | F84: =C84*E84 | H84: =C84*G84 | I84: =F84+H84
B85: - C1 - ฝ้าเพดานโครงเคร่าเหล็กชุบสังกะสีกรุแผ่นเรียบหนา 6 มม. | D85: ตร.ม. | F85: =C85*E85 | H85: =C85*G85 | I85: =F85+H85
B86: - C2 - ฝ้าเพดานโครงเคร่าทีบาร์กรุแผ่นเรียบหนา 6 มม. | D86: ตร.ม. | F86: =C86*E86 | H86: =C86*G86 | I86: =F86+H86
B87: - C3 - ฝ้าเพดานโครงเคร่าเหล็กชุบสังกะสีกรุระแนงไม้เทียม 3"ลบมุมหนา 8 มม. | D87: ตร.ม. | F87: =C87*E87 | H87: =C87*G87 | I87: =F87+H87
B88: - บัวเพดานระแนงไม้เทียม 2" ลบมุมข้างเดียวหนา 8 มม. | D88: เมตร | F88: =C88*E88 | H88: =C88*G88 | I88: =F88+H88
F89: =C89*E89 | H89: =C89*G89 | I89: =F89+H89
A90: 3.6 | B90: งานบันได | F90: =C90*E90 | H90: =C90*G90 | I90: =F90+H90
B91: - ราวระเบียงสแตนเลสกลม 1.5"สูง 0.20 ม. ( หน้า A-30 ) | D91: เมตร | F91: =C91*E91 | H91: =C91*G91 | I91: =F91+H91
B92: - ราวจับติดบนราวกันตกบันไดสแตนเลส ขนาด 3/4" ทั้งสองชุด | D92: เมตร | F92: =C92*E92 | H92: =C92*G92 | I92: =F92+H92
B93: - ราวจับติดข้างบันไดสแตนเลส ขนาด 1.5" ทั้งสองชุด | D93: เมตร | F93: =C93*E93 | H93: =C93*G93 | I93: =F93+H93
F94: =C94*E94 | H94: =C94*G94 | I94: =F94+H94
F95: =C95*E95 | H95: =C95*G95 | I95: =F95+H95
A96: รวมราคาค่าแรงและค่าวัสดุ 3 | F96: =SUM(F34:F95) | H96: =SUM(H34:H95) | I96: =SUM(I34:I95)
A97: 4 | B97: หมวดงานไฟฟ้า
A98: 4.1 | B98: งานไฟฟ้าส่องสว่าง | F98: =C98*E98 | H98: =C98*G98 | I98: =F98+H98
B99: - โคมไฟฟลูออเรสเซ็นต์ 1 x 9 วัตถ์แบบเปลือยหลอด LED | D99: ชุด | F99: =C99*E99 | H99: =C99*G99 | I99: =F99+H99
B100: - โคมไฟฟลูออเรสเซ็นต์ 1 x 9 วัตถ์แบบมีฝาครอบหลอด LED | D100: ชุด | F100: =C100*E100 | H100: =C100*G100 | I100: =F100+H100
B101: - โคมไฟฟลูออเรสเซ็นต์ 1 x 18 วัตถ์แบบเปลือยหลอด LED | D101: ชุด | F101: =C101*E101 | H101: =C101*G101 | I101: =F101+H101
B102: - โคมไฟดาวน์ไลท์ขนาด 6" หลอดคอมแพ็ค 18 วัตต์ | D102: ชุด | F102: =C102*E102 | H102: =C102*G102 | I102: =F102+H102
B103: - โคมไฟกิ่งติดผนัง ( โคมไฟประดับ ) | D103: ชุด | F103: =C103*E103 | H103: =C103*G103 | I103: =F103+H103
B104: - สวิตซ์ไฟแบบเดี่ยว | D104: ชุด | F104: =C104*E104 | H104: =C104*G104 | I104: =F104+H104
B105: - สวิตซ์ไฟแบบสองทาง | D105: ชุด | F105: =C105*E105 | H105: =C105*G105 | I105: =F105+H105
A106: 4.2 | B106: งานไฟฟ้ากำลัง | F106: =C106*E106 | H106: =C106*G106 | I106: =F106+H106
B107: - ปลั๊กไฟฟ้าชนิด 1 ชุด สองเต้าเสียบ | D107: ชุด | F107: =C107*E107 | H107: =C107*G107 | I107: =F107+H107
A108: 4.3 | B108: งานสายไฟ | F108: =C108*E108 | H108: =C108*G108 | I108: =F108+H108
B109: - งานสายไฟสำหรับดวงโคม | C109: =C99+C100+C101+C102+C103 | D109: จุด | F109: =C109*E109 | H109: =C109*G109 | I109: =F109+H109
...

Sheet ปร4.ครุภัณฑ์
J1: แบบ ปร.4(ข)
A2: รายการปริมาณงานและราคา
A3: งานก่อสร้าง
A4: สถานที่ก่อสร้าง | G4: จังหวัด
A5: เลขที่ | B5: รายการ | D5: จำนวน | E5: หน่วย | F5: ค่าวัสดุสิ่งของ | H5: ค่าแรงงาน | J5: รวมเป็นเงิน
F6: ราคา | G6: จำนวนเงิน | H6: ราคา | I6: จำนวนเงิน
B7: หมวดงานครุภัณฑ์
A8: 1 | B8: งานครุภัณฑ์สร้างกับที่ | G8: =D8*F8 | I8: =D8*H8 | J8: =G8+I8
B9: - กระดานดำขนาด 1.20 x 7.20 ม. | E9: ชุด | G9: =D9*F9 | I9: =D9*H9 | J9: =G9+I9
G10: =D10*F10 | I10: =D10*H10 | J10: =G10+I10
A11: 2 | B11: งานครุภัณฑ์สั่งซื้อ | G11: =D11*F11 | I11: =D11*H11 | J11: =G11+I11
B12: - โต๊ะและเก้าอี้คุณครู ( ตามแบบ ) | E12: ชุด | G12: =D12*F12 | I12: =D12*H12 | J12: =G12+I12
B13: - โต๊ะและเก้าอี้นักเรียนมัธยมศึกษา ( ตามแบบ ) | E13: ชุด | G13: =D13*F13 | I13: =D13*H13 | J13: =G13+I13
G14: =D14*F14 | I14: =D14*H14 | J14: =G14+I14
G15: =D15*F15 | I15: =D15*H15 | J15: =G15+I15
G16: =D16*F16 | I16: =D16*H16 | J16: =G16+I16
A17: รวมราคาค่าแรงและค่าวัสดุ หมวดงาน 1 และ 2 | G17: =SUM(G8:G16) | H17: =SUM(H8:H16) | I17: =SUM(I8:I16) | J17: =SUM(J8:J16)
A18: รวมราคาค่าแรงและค่าวัสดุงานครุภัณฑ์ | G18: =G17 | H18: =H17 | I18: =I17 | J18: =J17

Sheet ปร.5.อาคาร
G1: ปร.5 (ก)
A2: สรุปค่าก่อสร้าง
A3: งานก่อสร้าง
A4: สถานที่ก่อสร้าง | E4: จังหวัด
A5: หน่วยงาน
A6: แบบ ปร.4 (ก) ที่แนบ | F6: จำนวน แผ่น
A7: ประมาณการราคาเมื่อวันที่ | F7: ปรับราคาเมื่อวันที่
A8: ลำดับที่ | B8: รายการ | D8: ค่างานต้นทุน | E8: Factor F | F8: ค่าก่อสร้าง | G8: หมายเหตุ
D9: ( บาท ) | F9: ( บาท )
A10: 1 | B10: ส่วนที่ 1 ค่างานต้นทุน
D12: ='1.ปร.4'!F18 | E12: ='factor F'!N26 | F12: =D12*E12 | J12: =F12-D12
B13: เงื่อนไข
B14: เงินล่วงหน้าจ่าย......... | C14: 0
B15: เงินประกันผลงานหัก........ | C15: 0
B16: ดอกเบี้ยงเงินกู้................ | C16: 0.06
B17: ค่าภาษีมูลค่าเพิ่ม.......... | C17: 0.07
E18: รวมราคาค่าก่อสร้าง
E19: ยอดสุทธิ
A21: คณะกรรมการกำหนดราคากลาง
E22: (….............................................................)
E25: (…...........................................................)
E28: (…...........................................................)

Sheet ปร 5.ครุภัณฑ์
J1: ปร.5 (ช)
A2: สรุปค่าก่อสร้าง
A3: งานก่อสร้าง
A4: สถานที่ก่อสร้าง | H4: จังหวัด
A5: หน่วยงาน
A6: แบบ ปร.4 (ข) ที่แนบ | F6: จำนวน 1 แผ่น
A7: ประมาณการราคาเมื่อวันที่ | F7: ปรับราคาเมื่อวันที่
A8: ลำดับ | B8: รายการ | E8: ค่าวัสดุและค่าแรงงาน | G8: ภาษี | H8: รวมค่าก่อสร้าง | J8: หมายเหตุ
A9: ที่ | E9: รวมเป็นเงิน | H9: รวมเป็นเงิน (บาท)
A10: 1 | B10: ส่วนที่ 2 ครุภัณฑ์จัดซื้อหรือสั่งซื้อ | E10: ='ปร4.ครุภัณฑ์'!J18 | G10: 0.07 | H10: =E10*(1+G10)
E19: รวมค่าครุภัณฑ์จัดซื้อหรือสั่งซื้อ | H19: =H10
G20: ยอดสุทธิ | H20: =H10 | J20: **
A22: คณะกรรมการกำหนดราคากลาง
E23: (.......................................................)
E26: (.......................................................)
E29: (.......................................................)
A30: เห็นชอบ
E32: (.....................)

Sheet ปร.6
F1: แบบ ปร.6
A2: แบบสรุปราคากลางงานก่อสร้างอาคาร
A3: งานก่อสร้าง
A4: สถานที่ก่อสร้าง | E4: จังหวัด
A5: หน่วยงาน
A6: แบบ ปร.4 (ก) (ข) ปร.5 (ก) (ข) ปร.6 และ Factor F ทั้งหมด | F6: จำนวน แผ่น
A7: ประมาณการโดย
A8: ประมาณการราคาเมื่อวันที่ | F8: ปรับราคาเมื่อวันที่
G9: หน่วย : บาท
A10: ลำดับที่ | B10: รายการ | F10: ค่าวัสดุก่อสร้าง | G10: หมายเหตุ
B11: สรุป
A12: 1 | B12: ส่วนที่ 1 ค่าก่อสร้าง | F12: ='ปร.5.อาคาร'!F12
A13: 2 | B13: ส่วนที่ 2 ค่าครุภัณฑ์จัดซื้อหรือสั่งซื้อ | F13: ='ปร 5.ครุภัณฑ์'!H20
A14: 3 | B14: ส่วนที่ 3 ค่าใช้จ่ายพิเศษตามข้อกำหนดและค่าใช้จ่ายอิ่นที่จำเป็นต้องมี
B23: รวมค่าก่อสร้างทั้งโครงการ | F23: =SUM(F12:F13)
B24: ส่วนลด | F24: 0
A25: สรุป | B25: รวมค่าก่อสร้างทั้งโครงการ
B26: =BAHTTEXT(F23)
A28: คณะกรรมการกำหนดราคากลาง
E29: (..............................................................................)
E32: (..............................................................................)
E35: (...............................................................................)
